-- MySQL dump 10.13  Distrib 8.0.23, for Linux (x86_64)
--
-- Host: localhost    Database: clients
-- ------------------------------------------------------
-- Server version	8.0.23-0ubuntu0.20.04.1

/*!40101 SET @OLD_CHARACTER_SET_CLIENT=@@CHARACTER_SET_CLIENT */;
/*!40101 SET @OLD_CHARACTER_SET_RESULTS=@@CHARACTER_SET_RESULTS */;
/*!40101 SET @OLD_COLLATION_CONNECTION=@@COLLATION_CONNECTION */;
/*!50503 SET NAMES utf8mb4 */;
/*!40103 SET @OLD_TIME_ZONE=@@TIME_ZONE */;
/*!40103 SET TIME_ZONE='+00:00' */;
/*!40014 SET @OLD_UNIQUE_CHECKS=@@UNIQUE_CHECKS, UNIQUE_CHECKS=0 */;
/*!40014 SET @OLD_FOREIGN_KEY_CHECKS=@@FOREIGN_KEY_CHECKS, FOREIGN_KEY_CHECKS=0 */;
/*!40101 SET @OLD_SQL_MODE=@@SQL_MODE, SQL_MODE='NO_AUTO_VALUE_ON_ZERO' */;
/*!40111 SET @OLD_SQL_NOTES=@@SQL_NOTES, SQL_NOTES=0 */;

--
-- Table structure for table `city`
--

DROP TABLE IF EXISTS `city`;
/*!40101 SET @saved_cs_client     = @@character_set_client */;
/*!50503 SET character_set_client = utf8mb4 */;
CREATE TABLE `city` (
  `id` int NOT NULL AUTO_INCREMENT,
  `name` varchar(50) COLLATE utf8mb4_unicode_ci DEFAULT NULL,
  PRIMARY KEY (`id`)
) ENGINE=InnoDB AUTO_INCREMENT=4 DEFAULT CHARSET=utf8mb4 COLLATE=utf8mb4_unicode_ci;
/*!40101 SET character_set_client = @saved_cs_client */;

--
-- Dumping data for table `city`
--

LOCK TABLES `city` WRITE;
/*!40000 ALTER TABLE `city` DISABLE KEYS */;
INSERT INTO `city` VALUES (1,'Moscow'),(2,'Bryansk'),(3,'Omsk');
/*!40000 ALTER TABLE `city` ENABLE KEYS */;
UNLOCK TABLES;

--
-- Table structure for table `client`
--

DROP TABLE IF EXISTS `client`;
/*!40101 SET @saved_cs_client     = @@character_set_client */;
/*!50503 SET character_set_client = utf8mb4 */;
CREATE TABLE `client` (
  `id` int NOT NULL AUTO_INCREMENT,
  `city_id` int DEFAULT NULL,
  `name` varchar(255) COLLATE utf8mb4_unicode_ci NOT NULL,
  `date` datetime DEFAULT NULL,
  `age` int DEFAULT NULL,
  `cid` varchar(100) COLLATE utf8mb4_unicode_ci NOT NULL,
  PRIMARY KEY (`id`),
  KEY `IDX_C74404558BAC62AF` (`city_id`),
  CONSTRAINT `FK_C74404558BAC62AF` FOREIGN KEY (`city_id`) REFERENCES `city` (`id`)
) ENGINE=InnoDB AUTO_INCREMENT=5 DEFAULT CHARSET=utf8mb4 COLLATE=utf8mb4_unicode_ci;
/*!40101 SET character_set_client = @saved_cs_client */;

--
-- Dumping data for table `client`
--

LOCK TABLES `client` WRITE;
/*!40000 ALTER TABLE `client` DISABLE KEYS */;
INSERT INTO `client` VALUES (1,1,'Василий Пчелкин','2019-05-04 11:00:01',20,'5a153d02a8b116f18e940050569b68aa'),(2,2,'Пчелка Васильев','2019-03-02 19:43:58',19,'1a147d02a8b111e98e940050569b68ad'),(3,3,'Иван Иванов','2019-03-06 19:07:58',29,'1a147d02a8b111e98e940050569b68fd'),(4,2,'Петр Иванов','2019-03-06 20:07:58',29,'1a147d02a8b111e98e950050569b68fd');
/*!40000 ALTER TABLE `client` ENABLE KEYS */;
UNLOCK TABLES;

--
-- Table structure for table `doctrine_migration_versions`
--

DROP TABLE IF EXISTS `doctrine_migration_versions`;
/*!40101 SET @saved_cs_client     = @@character_set_client */;
/*!50503 SET character_set_client = utf8mb4 */;
CREATE TABLE `doctrine_migration_versions` (
  `version` varchar(191) COLLATE utf8_unicode_ci NOT NULL,
  `executed_at` datetime DEFAULT NULL,
  `execution_time` int DEFAULT NULL,
  PRIMARY KEY (`version`)
) ENGINE=InnoDB DEFAULT CHARSET=utf8 COLLATE=utf8_unicode_ci;
/*!40101 SET character_set_client = @saved_cs_client */;

--
-- Dumping data for table `doctrine_migration_versions`
--

LOCK TABLES `doctrine_migration_versions` WRITE;
/*!40000 ALTER TABLE `doctrine_migration_versions` DISABLE KEYS */;
INSERT INTO `doctrine_migration_versions` VALUES ('DoctrineMigrations\\Version20210204042803','2021-02-04 07:28:48',776);
/*!40000 ALTER TABLE `doctrine_migration_versions` ENABLE KEYS */;
UNLOCK TABLES;

--
-- Table structure for table `phone`
--

DROP TABLE IF EXISTS `phone`;
/*!40101 SET @saved_cs_client     = @@character_set_client */;
/*!50503 SET character_set_client = utf8mb4 */;
CREATE TABLE `phone` (
  `id` int NOT NULL AUTO_INCREMENT,
  `client_id` int NOT NULL,
  `phone` varchar(20) COLLATE utf8mb4_unicode_ci NOT NULL,
  PRIMARY KEY (`id`),
  KEY `IDX_444F97DD19EB6921` (`client_id`),
  CONSTRAINT `FK_444F97DD19EB6921` FOREIGN KEY (`client_id`) REFERENCES `client` (`id`)
) ENGINE=InnoDB AUTO_INCREMENT=9 DEFAULT CHARSET=utf8mb4 COLLATE=utf8mb4_unicode_ci;
/*!40101 SET character_set_client = @saved_cs_client */;

--
-- Dumping data for table `phone`
--

LOCK TABLES `phone` WRITE;
/*!40000 ALTER TABLE `phone` DISABLE KEYS */;
INSERT INTO `phone` VALUES (1,1,'+79999999999'),(2,1,'+78888888888'),(3,2,'+79999999998'),(4,2,'+78888888889'),(5,3,'+79999999988'),(6,3,'+78888888899'),(7,4,'+79995999988'),(8,4,'+78884888899');
/*!40000 ALTER TABLE `phone` ENABLE KEYS */;
UNLOCK TABLES;
/*!40103 SET TIME_ZONE=@OLD_TIME_ZONE */;

/*!40101 SET SQL_MODE=@OLD_SQL_MODE */;
/*!40014 SET FOREIGN_KEY_CHECKS=@OLD_FOREIGN_KEY_CHECKS */;
/*!40014 SET UNIQUE_CHECKS=@OLD_UNIQUE_CHECKS */;
/*!40101 SET CHARACTER_SET_CLIENT=@OLD_CHARACTER_SET_CLIENT */;
/*!40101 SET CHARACTER_SET_RESULTS=@OLD_CHARACTER_SET_RESULTS */;
/*!40101 SET COLLATION_CONNECTION=@OLD_COLLATION_CONNECTION */;
/*!40111 SET SQL_NOTES=@OLD_SQL_NOTES */;

-- Dump completed on 2021-02-04 15:41:57
